,turtle_world_bedroom,turtle_world_dining_room,turtle_world_garage,turtle_world_obstacle_world,turtle_world_study,turtle_world_turtle_world
0,0.16666666666666666,0.16666666666666666,0.16666666666666666,0.16666666666666666,0.16666666666666666,0.16666666666666666
1,0.0014188549239120389,0.0019066306017379456,0.0011263673788166916,0.0018090518336997985,0.0011521422845753998,0.9925869529772582
