,obstacle_world_bedroom,obstacle_world_dining_room,obstacle_world_garage,obstacle_world_obstacle_world,obstacle_world_study,obstacle_world_turtle_world
0,0.16666666666666666,0.16666666666666666,0.16666666666666666,0.16666666666666666,0.16666666666666666,0.16666666666666666
1,0.04161275818286413,0.05591844299022112,0.03303456369628899,0.6769352163947018,0.033790500686355585,0.1587085180495684
2,0.00010927817153908901,0.0001334033226317796,0.00016059243918940507,0.9939538998371766,0.0001613515015480672,0.005481474727914919
