,obstacle_world_bedroom,obstacle_world_dining_room,obstacle_world_garage,obstacle_world_obstacle_world,obstacle_world_study,obstacle_world_turtle_world
0,0.16666666666666666,0.16666666666666666,0.16666666666666666,0.16666666666666666,0.16666666666666666,0.16666666666666666
1,0.0027605763247776243,0.003709610623714895,0.002191501799486271,0.9663656100664766,0.0022416504041192806,0.02273105078142526
