,study_bedroom,study_dining_room,study_garage,study_obstacle_world,study_study,study_turtle_world
0,0.16666666666666666,0.16666666666666666,0.16666666666666666,0.16666666666666666,0.16666666666666666,0.16666666666666666
1,0.04824220765115703,0.06482697268970025,0.0382973960653732,0.7552128417906083,0.039173763574725184,0.054246818228436036
2,0.06056888718585062,0.1037165590359539,0.09411954730386592,0.6502777487653505,0.039077611053049174,0.05223964665592978
3,0.04044530663423062,0.08003409771215969,0.12635146557184992,0.6858829392532392,0.03515129982083658,0.032134891007683984
4,0.024326259114237785,0.08811575710532908,0.2600123811449461,0.40532126612959846,0.186477398484925,0.035746938020963494
5,0.0036831741046835322,0.040028612846066576,0.10232146835164775,0.048488617780359344,0.794146600083918,0.011331526833324727
6,6.287045808301569e-05,0.0022960445329319027,0.00812435179057327,0.0018312803453095657,0.9872892013197174,0.0003962515533848047
