,dining_room_bedroom,dining_room_dining_room,dining_room_garage,dining_room_obstacle_world,dining_room_study,dining_room_turtle_world
0,0.16666666666666666,0.16666666666666666,0.16666666666666666,0.16666666666666666,0.16666666666666666,0.16666666666666666
1,0.06103984928586069,0.08202420318845018,0.04845688863940761,0.07782631572711188,0.049565737991342014,0.6810870051678276
2,0.04456411860121346,0.0742304120357195,0.06593079730253487,0.023761021930988863,0.03468704436959887,0.7568266057599445
3,0.038391653455832314,0.10607513240068739,0.06161967504461136,0.013226836224908885,0.05132000480548148,0.7293666980684786
4,0.08045259596302118,0.2617799434389042,0.0313073106637345,0.019010404211334403,0.09185813899618973,0.515591606726816
5,0.04319858567666697,0.8503682990936424,0.0024771294631175727,0.005070059956750156,0.015307559493788467,0.08357836631603452
6,0.026311223552856654,0.9543582242078646,0.00026964009752915085,0.002822349015250602,0.0028041942027516673,0.01343436892374729
